rank;source_index;title;old_score;new_score;delta;episodes;type;comment;wins;losses;bye_count;eliminated_round;lost_to
1;9;Паприка;7;9;2.0;1/1;Фильм;;3;0;1;;
2;6;Повелитель 2;5;8;3.0;13/13;Сериал;;3;1;0;4;Паприка
3;8;Врата Штейна OVA;8;7;-1.0;1/1;OVA;;1;1;1;3;Повелитель 2
4;3;Стальной алхимик: Братство;9;7;-2.0;64/64;Сериал;;0;1;1;2;Паприка
5;5;Город, в котором меня нет;8;6;-2.0;12/12;Сериал;;1;1;0;2;Повелитель 2
6;7;Юри — это моя работа!;5;6;1.0;12/12;Сериал;На удивление оказалось лучше чем думал.. 5+;0;1;0;1;Паприка
7;2;Ликорис Рикоил;10;6;-4.0;13/13;Сериал;;0;1;0;1;Повелитель 2
8;4;Форма голоса;9;5;-4.0;1/1;Фильм;;0;1;0;1;Врата Штейна OVA
9;1;Судьба/Начало 2;10;5;-5.0;12/12;Сериал;;0;1;0;1;Город, в котором меня нет
